Dimensão;30
Media esperada;0.7
Delta Inicial;0.7

Num Function; Seed; Valor da Função Objetivo
1;1;500.154
1;2;382.351
1;3;355.767
2;1;5.77713
2;2;5.06485
2;3;8.6027
3;1;931.251
3;2;3271.14
3;3;1450.45
4;1;9.00164
4;2;9.00164
4;3;9.00164
5;1;37594.3
5;2;7445.58
5;3;13525
6;1;-2613
6;2;258
6;3;-2969
7;1;0.322444
7;2;0.327749
7;3;0.303722
8;1;-11102.9
8;2;-10920.2
8;3;-9523.4
9;1;41.9956
9;2;88.8643
9;3;42.6957
10;1;6.21093
10;2;6.37554
10;3;5.12163
11;1;3.28576
11;2;4.41705
11;3;5.6014
