Dimensão;30
Media esperada;0.7
Delta Inicial;0.7

Num Function; Seed; Valor da Função Objetivo
1;1;4.24453
1;2;2.03066
1;3;0.683789
2;1;0.573435
2;2;0.707393
2;3;1.01699
3;1;28.3581
3;2;117.249
3;3;63.7681
4;1;9.00164
4;2;9.00164
4;3;9.00164
5;1;234.029
5;2;124.03
5;3;202.598
6;1;-2581
6;2;258
6;3;-2569
7;1;0.300001
7;2;0.3
7;3;0.300035
8;1;-1532.9
8;2;-1179.71
8;3;-4705.17
9;1;63.8044
9;2;28.3771
9;3;29.0968
10;1;6.38513
10;2;3.2669
10;3;3.78173
11;1;0.736822
11;2;0.948658
11;3;1.19951
