Dimensão;30
Media esperada;0.7
Delta Inicial;0.7

Num Function; Seed; Valor da Função Objetivo
1;1;4.01406
1;2;0.000686075
1;3;0.141237
2;1;0.568222
2;2;0.70485
2;3;1.0207
3;1;29.9128
3;2;42.9193
3;3;42.8024
4;1;9.0003
4;2;9.0003
4;3;9.0003
5;1;188.238
5;2;141.632
5;3;221.378
6;1;-2581
6;2;258
6;3;-2569
7;1;0.300001
7;2;0.3
7;3;0.300035
8;1;-1532.94
8;2;-1177.03
8;3;-4705.81
9;1;63.8044
9;2;28.3771
9;3;29.0968
10;1;6.38071
10;2;3.27468
10;3;3.40551
11;1;9.83029
11;2;12.3358
11;3;9.42986
