Dimensão;30
Media esperada;0.7
Delta Inicial;0.7

Num Function; Seed; Valor da Função Objetivo
1;1;0
1;2;0
1;3;0
2;1;2900
2;2;290
2;3;290
3;1;0
3;2;0
3;3;0
4;1;100
4;2;100
4;3;100
5;1;2.85629e+11
5;2;2.42184e+09
5;3;2.42184e+09
6;1;-841
6;2;-2871
6;3;-2871
7;1;4.35e+10
7;2;1167.99
7;3;1167.99
8;1;33.5935
8;2;-5237.09
8;3;-0
9;1;7.25e+06
9;2;838.817
9;3;838.817
10;1;13.3187
10;2;19.963
10;3;19.963
11;1;8.424
11;2;2611
11;3;2611
